address,amount
0xeb01ff124d71b6c7e6613fd6e0a86c28c733f008,0.000001
0xfa1afc4534fc9f80a552e61dd04cd8a172c821a6,0.000001